{"loss": [3.3925890922546387], "accuracy": [0.12531888484954834]}